id,Geographic Area Name,Total,Total!!Male!!Under 5 years,Total!!Female!!Under 5 years,id,zip
8710000US3728009,"ZCTA5 28009, North Carolina",1119,34,26,8710000US37,28009
8710000US3728692,"ZCTA5 28692, North Carolina",4067,92,120,8710000US37,28692
8710000US3727809,"ZCTA5 27809, North Carolina",5091,129,144,8710000US37,27809
8710000US3728411,"ZCTA5 28411, North Carolina",31636,1050,1101,8710000US37,28411
8710000US3728627,"ZCTA5 28627, North Carolina",1152,39,22,8710000US37,28627
8710000US3727101,"ZCTA5 27101, North Carolina",17257,590,587,8710000US37,27101
8710000US3727516,"ZCTA5 27516, North Carolina",34769,937,895,8710000US37,27516
8710000US3727313,"ZCTA5 27313, North Carolina",6833,147,164,8710000US37,27313
8710000US3727596,"ZCTA5 27596, North Carolina",15614,588,560,8710000US37,27596
8710000US3727565,"ZCTA5 27565, North Carolina",24753,798,708,8710000US37,27565
8710000US3727045,"ZCTA5 27045, North Carolina",8536,298,251,8710000US37,27045
8710000US3728280,"ZCTA5 28280, North Carolina",10,0,0,8710000US37,28280
8710000US3728092,"ZCTA5 28092, North Carolina",37895,1167,1150,8710000US37,28092
8710000US3728644,"ZCTA5 28644, North Carolina",1488,25,32,8710000US37,28644
8710000US3727592,"ZCTA5 27592, North Carolina",15232,592,604,8710000US37,27592
8710000US3728582,"ZCTA5 28582, North Carolina",1588,40,41,8710000US37,28582
8710000US3728762,"ZCTA5 28762, North Carolina",6790,197,148,8710000US37,28762
8710000US3728663,"ZCTA5 28663, North Carolina",614,10,19,8710000US37,28663
8710000US3728546,"ZCTA5 28546, North Carolina",42258,2218,2081,8710000US37,28546
8710000US3728709,"ZCTA5 28709, North Carolina",2225,62,60,8710000US37,28709
8710000US3728720,"ZCTA5 28720, North Carolina",114,2,3,8710000US37,28720
8710000US3727917,"ZCTA5 27917, North Carolina",745,22,30,8710000US37,27917
8710000US3728332,"ZCTA5 28332, North Carolina",482,18,17,8710000US37,28332
8710000US3727976,"ZCTA5 27976, North Carolina",3449,126,102,8710000US37,27976
8710000US3728675,"ZCTA5 28675, North Carolina",6510,168,187,8710000US37,28675
8710000US3727344,"ZCTA5 27344, North Carolina",17789,724,711,8710000US37,27344
8710000US3727839,"ZCTA5 27839, North Carolina",2988,64,74,8710000US37,27839
8710000US3728533,"ZCTA5 28533, North Carolina",0,0,0,8710000US37,28533
8710000US3728056,"ZCTA5 28056, North Carolina",31348,937,827,8710000US37,28056
8710000US3728394,"ZCTA5 28394, North Carolina",5154,188,158,8710000US37,28394
8710000US3727924,"ZCTA5 27924, North Carolina",3140,85,75,8710000US37,27924
8710000US3728725,"ZCTA5 28725, North Carolina",43,0,0,8710000US37,28725
8710000US3727808,"ZCTA5 27808, North Carolina",2225,43,40,8710000US37,27808
8710000US3728722,"ZCTA5 28722, North Carolina",6277,166,149,8710000US37,28722
8710000US3728539,"ZCTA5 28539, North Carolina",15428,815,717,8710000US37,28539
8710000US3727350,"ZCTA5 27350, North Carolina",6513,187,193,8710000US37,27350
8710000US3728135,"ZCTA5 28135, North Carolina",3933,112,119,8710000US37,28135
8710000US3728511,"ZCTA5 28511, North Carolina",694,8,15,8710000US37,28511
8710000US3727051,"ZCTA5 27051, North Carolina",7369,233,219,8710000US37,27051
8710000US3727343,"ZCTA5 27343, North Carolina",1707,24,46,8710000US37,27343
8710000US3727505,"ZCTA5 27505, North Carolina",5892,247,218,8710000US37,27505
8710000US3728801,"ZCTA5 28801, North Carolina",13224,371,365,8710000US37,28801
8710000US3727291,"ZCTA5 27291, North Carolina",1656,45,28,8710000US37,27291
8710000US3728001,"ZCTA5 28001, North Carolina",26068,884,866,8710000US37,28001
8710000US3728315,"ZCTA5 28315, North Carolina",11531,432,406,8710000US37,28315
8710000US3727920,"ZCTA5 27920, North Carolina",1326,42,48,8710000US37,27920
8710000US3727846,"ZCTA5 27846, North Carolina",2982,85,76,8710000US37,27846
8710000US3728606,"ZCTA5 28606, North Carolina",2081,51,72,8710000US37,28606
8710000US3728510,"ZCTA5 28510, North Carolina",1502,32,33,8710000US37,28510
8710000US3728721,"ZCTA5 28721, North Carolina",10024,311,267,8710000US37,28721
8710000US3728560,"ZCTA5 28560, North Carolina",28155,1002,983,8710000US37,28560
8710000US3728512,"ZCTA5 28512, North Carolina",2872,32,35,8710000US37,28512
8710000US3727332,"ZCTA5 27332, North Carolina",30128,1268,1154,8710000US37,27332
8710000US3727882,"ZCTA5 27882, North Carolina",7383,225,203,8710000US37,27882
8710000US3728716,"ZCTA5 28716, North Carolina",17246,486,423,8710000US37,28716
8710000US3728583,"ZCTA5 28583, North Carolina",281,8,12,8710000US37,28583
8710000US3727553,"ZCTA5 27553, North Carolina",2015,52,51,8710000US37,27553
8710000US3728078,"ZCTA5 28078, North Carolina",51865,2293,2033,8710000US37,28078
8710000US3728748,"ZCTA5 28748, North Carolina",11285,304,336,8710000US37,28748
8710000US3728631,"ZCTA5 28631, North Carolina",629,11,13,8710000US37,28631
8710000US3727314,"ZCTA5 27314, North Carolina",1045,27,26,8710000US37,27314
8710000US3727705,"ZCTA5 27705, North Carolina",40804,1458,1296,8710000US37,27705
8710000US3727855,"ZCTA5 27855, North Carolina",5738,168,171,8710000US37,27855
8710000US3728310,"ZCTA5 28310, North Carolina",0,0,0,8710000US37,28310
8710000US3728609,"ZCTA5 28609, North Carolina",5864,137,119,8710000US37,28609
8710000US3727860,"ZCTA5 27860, North Carolina",2246,52,61,8710000US37,27860
8710000US3728384,"ZCTA5 28384, North Carolina",11997,489,468,8710000US37,28384
8710000US3728657,"ZCTA5 28657, North Carolina",9420,263,234,8710000US37,28657
8710000US3727252,"ZCTA5 27252, North Carolina",2003,55,38,8710000US37,27252
8710000US3728212,"ZCTA5 28212, North Carolina",38185,1828,1795,8710000US37,28212
8710000US3728449,"ZCTA5 28449, North Carolina",1692,20,18,8710000US37,28449
8710000US3728339,"ZCTA5 28339, North Carolina",6632,195,208,8710000US37,28339
8710000US3728625,"ZCTA5 28625, North Carolina",35898,1187,1085,8710000US37,28625
8710000US3727370,"ZCTA5 27370, North Carolina",14909,405,383,8710000US37,27370
8710000US3727520,"ZCTA5 27520, North Carolina",36232,1430,1335,8710000US37,27520
8710000US3727849,"ZCTA5 27849, North Carolina",1538,55,50,8710000US37,27849
8710000US3728340,"ZCTA5 28340, North Carolina",10765,343,341,8710000US37,28340
8710000US3728360,"ZCTA5 28360, North Carolina",13910,601,533,8710000US37,28360
8710000US3728356,"ZCTA5 28356, North Carolina",5014,168,160,8710000US37,28356
8710000US3728441,"ZCTA5 28441, North Carolina",3198,125,113,8710000US37,28441
8710000US3728666,"ZCTA5 28666, North Carolina",368,7,5,8710000US37,28666
8710000US3727549,"ZCTA5 27549, North Carolina",22965,706,749,8710000US37,27549
8710000US3727986,"ZCTA5 27986, North Carolina",1125,29,36,8710000US37,27986
8710000US3728017,"ZCTA5 28017, North Carolina",0,0,0,8710000US37,28017
8710000US3727832,"ZCTA5 27832, North Carolina",2778,91,75,8710000US37,27832
8710000US3727980,"ZCTA5 27980, North Carolina",2182,63,55,8710000US37,27980
8710000US3728467,"ZCTA5 28467, North Carolina",8703,124,111,8710000US37,28467
8710000US3727019,"ZCTA5 27019, North Carolina",4002,95,100,8710000US37,27019
8710000US3727818,"ZCTA5 27818, North Carolina",1342,36,44,8710000US37,27818
8710000US3727927,"ZCTA5 27927, North Carolina",542,4,4,8710000US37,27927
8710000US3727816,"ZCTA5 27816, North Carolina",2516,78,76,8710000US37,27816
8710000US3728205,"ZCTA5 28205, North Carolina",43691,1965,1864,8710000US37,28205
8710000US3728538,"ZCTA5 28538, North Carolina",2165,74,71,8710000US37,28538
8710000US3727357,"ZCTA5 27357, North Carolina",7823,253,206,8710000US37,27357
8710000US3728585,"ZCTA5 28585, North Carolina",3917,113,130,8710000US37,28585
8710000US3728167,"ZCTA5 28167, North Carolina",2314,55,47,8710000US37,28167
8710000US3728660,"ZCTA5 28660, North Carolina",2249,57,67,8710000US37,28660
8710000US3727053,"ZCTA5 27053, North Carolina",3004,84,53,8710000US37,27053
8710000US3727403,"ZCTA5 27403, North Carolina",18959,473,393,8710000US37,27403
8710000US3727014,"ZCTA5 27014, North Carolina",840,31,32,8710000US37,27014
8710000US3727233,"ZCTA5 27233, North Carolina",3386,82,79,8710000US37,27233
8710000US3728465,"ZCTA5 28465, North Carolina",6527,128,104,8710000US37,28465
8710000US3728617,"ZCTA5 28617, North Carolina",2242,58,75,8710000US37,28617
8710000US3728779,"ZCTA5 28779, North Carolina",15884,480,423,8710000US37,28779
8710000US3727283,"ZCTA5 27283, North Carolina",3136,59,62,8710000US37,27283
8710000US3727299,"ZCTA5 27299, North Carolina",5190,200,190,8710000US37,27299
8710000US3727582,"ZCTA5 27582, North Carolina",289,10,4,8710000US37,27582
8710000US3728037,"ZCTA5 28037, North Carolina",18284,551,552,8710000US37,28037
8710000US3728645,"ZCTA5 28645, North Carolina",46852,1355,1277,8710000US37,28645
8710000US3728150,"ZCTA5 28150, North Carolina",27665,865,819,8710000US37,28150
8710000US3728804,"ZCTA5 28804, North Carolina",18615,458,442,8710000US37,28804
8710000US3727305,"ZCTA5 27305, North Carolina",1668,41,51,8710000US37,27305
8710000US3727615,"ZCTA5 27615, North Carolina",41729,1271,1213,8710000US37,27615
8710000US3728333,"ZCTA5 28333, North Carolina",11819,514,484,8710000US37,28333
8710000US3727020,"ZCTA5 27020, North Carolina",6409,223,198,8710000US37,27020
8710000US3727052,"ZCTA5 27052, North Carolina",10530,272,265,8710000US37,27052
8710000US3728528,"ZCTA5 28528, North Carolina",644,9,19,8710000US37,28528
8710000US3728785,"ZCTA5 28785, North Carolina",7338,158,153,8710000US37,28785
8710000US3728524,"ZCTA5 28524, North Carolina",426,12,11,8710000US37,28524
8710000US3728348,"ZCTA5 28348, North Carolina",33267,1336,1305,8710000US37,28348
8710000US3728115,"ZCTA5 28115, North Carolina",33941,1167,1068,8710000US37,28115
8710000US3728314,"ZCTA5 28314, North Carolina",54425,2591,2481,8710000US37,28314
8710000US3727295,"ZCTA5 27295, North Carolina",37059,1073,1040,8710000US37,27295
8710000US3727959,"ZCTA5 27959, North Carolina",2710,71,88,8710000US37,27959
8710000US3728146,"ZCTA5 28146, North Carolina",27492,848,817,8710000US37,28146
8710000US3728345,"ZCTA5 28345, North Carolina",12465,443,439,8710000US37,28345
8710000US3728089,"ZCTA5 28089, North Carolina",117,2,6,8710000US37,28089
8710000US3728698,"ZCTA5 28698, North Carolina",2247,65,56,8710000US37,28698
8710000US3727534,"ZCTA5 27534, North Carolina",31000,1142,1098,8710000US37,27534
8710000US3728101,"ZCTA5 28101, North Carolina",698,20,27,8710000US37,28101
8710000US3728020,"ZCTA5 28020, North Carolina",2322,70,69,8710000US37,28020
8710000US3728429,"ZCTA5 28429, North Carolina",7464,240,218,8710000US37,28429
8710000US3727009,"ZCTA5 27009, North Carolina",2647,83,74,8710000US37,27009
8710000US3727205,"ZCTA5 27205, North Carolina",32745,1026,958,8710000US37,27205
8710000US3728383,"ZCTA5 28383, North Carolina",8061,290,255,8710000US37,28383
8710000US3727883,"ZCTA5 27883, North Carolina",3544,106,86,8710000US37,27883
8710000US3728704,"ZCTA5 28704, North Carolina",18563,618,575,8710000US37,28704
8710000US3727863,"ZCTA5 27863, North Carolina",11725,426,425,8710000US37,27863
8710000US3728374,"ZCTA5 28374, North Carolina",15727,312,325,8710000US37,28374
8710000US3728682,"ZCTA5 28682, North Carolina",1129,23,22,8710000US37,28682
8710000US3727608,"ZCTA5 27608, North Carolina",10290,356,359,8710000US37,27608
8710000US3728343,"ZCTA5 28343, North Carolina",1685,59,64,8710000US37,28343
8710000US3728447,"ZCTA5 28447, North Carolina",1379,39,45,8710000US37,28447
8710000US3727360,"ZCTA5 27360, North Carolina",45694,1563,1514,8710000US37,27360
8710000US3727555,"ZCTA5 27555, North Carolina",441,6,21,8710000US37,27555
8710000US3728457,"ZCTA5 28457, North Carolina",9867,327,359,8710000US37,28457
8710000US3728519,"ZCTA5 28519, North Carolina",404,8,9,8710000US37,28519
8710000US3728575,"ZCTA5 28575, North Carolina",314,4,3,8710000US37,28575
8710000US3728521,"ZCTA5 28521, North Carolina",2278,72,63,8710000US37,28521
8710000US3728613,"ZCTA5 28613, North Carolina",22556,821,812,8710000US37,28613
8710000US3728650,"ZCTA5 28650, North Carolina",11880,322,356,8710000US37,28650
8710000US3727109,"ZCTA5 27109, North Carolina",0,0,0,8710000US37,27109
8710000US3727844,"ZCTA5 27844, North Carolina",2950,110,103,8710000US37,27844
8710000US3727942,"ZCTA5 27942, North Carolina",901,27,28,8710000US37,27942
8710000US3728152,"ZCTA5 28152, North Carolina",24235,789,815,8710000US37,28152
8710000US3728754,"ZCTA5 28754, North Carolina",6828,170,157,8710000US37,28754
8710000US3727896,"ZCTA5 27896, North Carolina",20003,657,600,8710000US37,27896
8710000US3728553,"ZCTA5 28553, North Carolina",454,12,10,8710000US37,28553
8710000US3728016,"ZCTA5 28016, North Carolina",13454,395,441,8710000US37,28016
8710000US3728036,"ZCTA5 28036, North Carolina",12860,403,368,8710000US37,28036
8710000US3727302,"ZCTA5 27302, North Carolina",26261,857,871,8710000US37,27302
8710000US3727915,"ZCTA5 27915, North Carolina",777,15,17,8710000US37,27915
8710000US3728080,"ZCTA5 28080, North Carolina",7298,207,190,8710000US37,28080
8710000US3728694,"ZCTA5 28694, North Carolina",7722,210,210,8710000US37,28694
8710000US3728405,"ZCTA5 28405, North Carolina",28895,871,806,8710000US37,28405
8710000US3727893,"ZCTA5 27893, North Carolina",38287,1495,1414,8710000US37,27893
8710000US3728552,"ZCTA5 28552, North Carolina",253,11,18,8710000US37,28552
8710000US3728587,"ZCTA5 28587, North Carolina",369,12,10,8710000US37,28587
8710000US3727569,"ZCTA5 27569, North Carolina",8007,308,275,8710000US37,27569
8710000US3727712,"ZCTA5 27712, North Carolina",19908,543,529,8710000US37,27712
8710000US3728391,"ZCTA5 28391, North Carolina",5302,150,136,8710000US37,28391
8710000US3727106,"ZCTA5 27106, North Carolina",44050,1423,1418,8710000US37,27106
8710000US3728081,"ZCTA5 28081, North Carolina",25090,989,965,8710000US37,28081
8710000US3727572,"ZCTA5 27572, North Carolina",6542,177,153,8710000US37,27572
8710000US3728616,"ZCTA5 28616, North Carolina",419,7,7,8710000US37,28616
8710000US3728390,"ZCTA5 28390, North Carolina",19434,921,945,8710000US37,28390
8710000US3727263,"ZCTA5 27263, North Carolina",21322,712,666,8710000US37,27263
8710000US3727950,"ZCTA5 27950, North Carolina",2006,41,49,8710000US37,27950
8710000US3728159,"ZCTA5 28159, North Carolina",3002,96,106,8710000US37,28159
8710000US3728792,"ZCTA5 28792, North Carolina",32164,1126,1000,8710000US37,28792
8710000US3727979,"ZCTA5 27979, North Carolina",1719,42,35,8710000US37,27979
8710000US3728589,"ZCTA5 28589, North Carolina",180,5,4,8710000US37,28589
8710000US3728683,"ZCTA5 28683, North Carolina",1697,32,47,8710000US37,28683
8710000US3727262,"ZCTA5 27262, North Carolina",21825,721,676,8710000US37,27262
8710000US3727530,"ZCTA5 27530, North Carolina",38425,1379,1319,8710000US37,27530
8710000US3728347,"ZCTA5 28347, North Carolina",1246,39,54,8710000US37,28347
8710000US3727819,"ZCTA5 27819, North Carolina",330,18,8,8710000US37,27819
8710000US3727207,"ZCTA5 27207, North Carolina",3770,94,112,8710000US37,27207
8710000US3728605,"ZCTA5 28605, North Carolina",3347,60,41,8710000US37,28605
8710000US3728678,"ZCTA5 28678, North Carolina",5226,182,145,8710000US37,28678
8710000US3727850,"ZCTA5 27850, North Carolina",7244,137,130,8710000US37,27850
8710000US3728745,"ZCTA5 28745, North Carolina",551,3,6,8710000US37,28745
8710000US3727315,"ZCTA5 27315, North Carolina",2243,67,46,8710000US37,27315
8710000US3727956,"ZCTA5 27956, North Carolina",302,10,15,8710000US37,27956
8710000US3728454,"ZCTA5 28454, North Carolina",2545,101,76,8710000US37,28454
8710000US3728079,"ZCTA5 28079, North Carolina",31868,1238,1178,8710000US37,28079
8710000US3728421,"ZCTA5 28421, North Carolina",1521,36,36,8710000US37,28421
8710000US3728516,"ZCTA5 28516, North Carolina",11261,264,250,8710000US37,28516
8710000US3727866,"ZCTA5 27866, North Carolina",855,23,24,8710000US37,27866
8710000US3728166,"ZCTA5 28166, North Carolina",8579,308,248,8710000US37,28166
8710000US3727501,"ZCTA5 27501, North Carolina",17491,685,697,8710000US37,27501
8710000US3728210,"ZCTA5 28210, North Carolina",41538,1544,1431,8710000US37,28210
8710000US3727048,"ZCTA5 27048, North Carolina",8559,212,216,8710000US37,27048
8710000US3728659,"ZCTA5 28659, North Carolina",20651,675,618,8710000US37,28659
8710000US3728712,"ZCTA5 28712, North Carolina",18287,434,451,8710000US37,28712
8710000US3728581,"ZCTA5 28581, North Carolina",214,8,2,8710000US37,28581
8710000US3728676,"ZCTA5 28676, North Carolina",3482,90,97,8710000US37,28676
8710000US3727012,"ZCTA5 27012, North Carolina",25246,759,694,8710000US37,27012
8710000US3727885,"ZCTA5 27885, North Carolina",929,22,19,8710000US37,27885
8710000US3727949,"ZCTA5 27949, North Carolina",6947,125,122,8710000US37,27949
8710000US3728618,"ZCTA5 28618, North Carolina",2337,82,69,8710000US37,28618
8710000US3728458,"ZCTA5 28458, North Carolina",6391,225,216,8710000US37,28458
8710000US3728363,"ZCTA5 28363, North Carolina",1202,26,33,8710000US37,28363
8710000US3728379,"ZCTA5 28379, North Carolina",26100,902,800,8710000US37,28379
8710000US3728109,"ZCTA5 28109, North Carolina",164,3,4,8710000US37,28109
8710000US3727253,"ZCTA5 27253, North Carolina",29597,1046,1005,8710000US37,27253
8710000US3728715,"ZCTA5 28715, North Carolina",24383,805,753,8710000US37,28715
8710000US3727944,"ZCTA5 27944, North Carolina",11825,318,331,8710000US37,27944
8710000US3727983,"ZCTA5 27983, North Carolina",9126,275,262,8710000US37,27983
8710000US3728052,"ZCTA5 28052, North Carolina",33877,1333,1252,8710000US37,28052
8710000US3727105,"ZCTA5 27105, North Carolina",38703,1664,1549,8710000US37,27105
8710000US3728023,"ZCTA5 28023, North Carolina",14065,454,394,8710000US37,28023
8710000US3728137,"ZCTA5 28137, North Carolina",2847,76,84,8710000US37,28137
8710000US3728387,"ZCTA5 28387, North Carolina",13717,366,405,8710000US37,28387
8710000US3727208,"ZCTA5 27208, North Carolina",1676,39,42,8710000US37,27208
8710000US3728649,"ZCTA5 28649, North Carolina",993,32,28,8710000US37,28649
8710000US3727518,"ZCTA5 27518, North Carolina",19503,491,511,8710000US37,27518
8710000US3727709,"ZCTA5 27709, North Carolina",1047,70,74,8710000US37,27709
8710000US3728763,"ZCTA5 28763, North Carolina",2718,91,79,8710000US37,28763
8710000US3727509,"ZCTA5 27509, North Carolina",3760,124,115,8710000US37,27509
8710000US3728531,"ZCTA5 28531, North Carolina",1202,23,13,8710000US37,28531
8710000US3727371,"ZCTA5 27371, North Carolina",7267,211,216,8710000US37,27371
8710000US3728651,"ZCTA5 28651, North Carolina",7132,212,207,8710000US37,28651
8710000US3728365,"ZCTA5 28365, North Carolina",16624,615,609,8710000US37,28365
8710000US3728270,"ZCTA5 28270, North Carolina",31507,1098,1071,8710000US37,28270
8710000US3728311,"ZCTA5 28311, North Carolina",33641,1369,1368,8710000US37,28311
8710000US3728665,"ZCTA5 28665, North Carolina",2571,55,63,8710000US37,28665
8710000US3728444,"ZCTA5 28444, North Carolina",2085,52,55,8710000US37,28444
8710000US3727103,"ZCTA5 27103, North Carolina",32948,1352,1243,8710000US37,27103
8710000US3727025,"ZCTA5 27025, North Carolina",10977,296,279,8710000US37,27025
8710000US3727320,"ZCTA5 27320, North Carolina",38801,1136,1093,8710000US37,27320
8710000US3727613,"ZCTA5 27613, North Carolina",42687,1447,1369,8710000US37,27613
8710000US3728366,"ZCTA5 28366, North Carolina",5023,187,171,8710000US37,28366
8710000US3728508,"ZCTA5 28508, North Carolina",2737,141,150,8710000US37,28508
8710000US3728906,"ZCTA5 28906, North Carolina",18152,455,403,8710000US37,28906
8710000US3727919,"ZCTA5 27919, North Carolina",1130,38,28,8710000US37,27919
8710000US3728128,"ZCTA5 28128, North Carolina",7465,197,169,8710000US37,28128
8710000US3728610,"ZCTA5 28610, North Carolina",9913,302,292,8710000US37,28610
8710000US3728382,"ZCTA5 28382, North Carolina",7015,232,262,8710000US37,28382
8710000US3727822,"ZCTA5 27822, North Carolina",8143,232,209,8710000US37,27822
8710000US3728371,"ZCTA5 28371, North Carolina",6519,243,277,8710000US37,28371
8710000US3727513,"ZCTA5 27513, North Carolina",40748,1345,1286,8710000US37,27513
8710000US3727814,"ZCTA5 27814, North Carolina",1676,27,28,8710000US37,27814
8710000US3728211,"ZCTA5 28211, North Carolina",28173,1060,1055,8710000US37,28211
8710000US3728031,"ZCTA5 28031, North Carolina",24384,809,780,8710000US37,28031
8710000US3728456,"ZCTA5 28456, North Carolina",3658,96,105,8710000US37,28456
8710000US3727617,"ZCTA5 27617, North Carolina",15150,556,530,8710000US37,27617
8710000US3727970,"ZCTA5 27970, North Carolina",3409,98,89,8710000US37,27970
8710000US3728622,"ZCTA5 28622, North Carolina",2479,64,54,8710000US37,28622
8710000US3727614,"ZCTA5 27614, North Carolina",31484,1082,1089,8710000US37,27614
8710000US3728658,"ZCTA5 28658, North Carolina",26338,865,837,8710000US37,28658
8710000US3728018,"ZCTA5 28018, North Carolina",5499,143,140,8710000US37,28018
8710000US3728071,"ZCTA5 28071, North Carolina",2763,52,71,8710000US37,28071
8710000US3728168,"ZCTA5 28168, North Carolina",10227,293,289,8710000US37,28168
8710000US3727856,"ZCTA5 27856, North Carolina",15981,518,463,8710000US37,27856
8710000US3728515,"ZCTA5 28515, North Carolina",2296,62,55,8710000US37,28515
8710000US3728328,"ZCTA5 28328, North Carolina",26092,911,935,8710000US37,28328
8710000US3728677,"ZCTA5 28677, North Carolina",32359,1160,1121,8710000US37,28677
8710000US3727801,"ZCTA5 27801, North Carolina",21105,796,704,8710000US37,27801
8710000US3727926,"ZCTA5 27926, North Carolina",1915,53,65,8710000US37,27926
8710000US3728739,"ZCTA5 28739, North Carolina",19584,475,435,8710000US37,28739
8710000US3727889,"ZCTA5 27889, North Carolina",27029,955,887,8710000US37,27889
8710000US3728163,"ZCTA5 28163, North Carolina",5233,181,140,8710000US37,28163
8710000US3728602,"ZCTA5 28602, North Carolina",28602,955,926,8710000US37,28602
8710000US3728707,"ZCTA5 28707, North Carolina",94,0,1,8710000US37,28707
8710000US3727962,"ZCTA5 27962, North Carolina",7655,271,270,8710000US37,27962
8710000US3728077,"ZCTA5 28077, North Carolina",482,29,28,8710000US37,28077
8710000US3727869,"ZCTA5 27869, North Carolina",2195,63,47,8710000US37,27869
8710000US3728468,"ZCTA5 28468, North Carolina",4375,53,56,8710000US37,28468
8710000US3728805,"ZCTA5 28805, North Carolina",17239,422,405,8710000US37,28805
8710000US3727349,"ZCTA5 27349, North Carolina",5489,160,162,8710000US37,27349
8710000US3727597,"ZCTA5 27597, North Carolina",22072,822,740,8710000US37,27597
8710000US3728752,"ZCTA5 28752, North Carolina",29254,954,897,8710000US37,28752
8710000US3728642,"ZCTA5 28642, North Carolina",5741,203,171,8710000US37,28642
8710000US3727574,"ZCTA5 27574, North Carolina",14306,388,355,8710000US37,27574
8710000US3728334,"ZCTA5 28334, North Carolina",24665,892,826,8710000US37,28334
8710000US3728207,"ZCTA5 28207, North Carolina",8527,266,256,8710000US37,28207
8710000US3728357,"ZCTA5 28357, North Carolina",3125,97,110,8710000US37,28357
8710000US3728768,"ZCTA5 28768, North Carolina",6807,156,160,8710000US37,28768
8710000US3727215,"ZCTA5 27215, North Carolina",38504,1225,1154,8710000US37,27215
8710000US3727243,"ZCTA5 27243, North Carolina",4329,113,121,8710000US37,27243
8710000US3728621,"ZCTA5 28621, North Carolina",10259,315,330,8710000US37,28621
8710000US3727607,"ZCTA5 27607, North Carolina",17255,570,521,8710000US37,27607
8710000US3728662,"ZCTA5 28662, North Carolina",140,2,2,8710000US37,28662
8710000US3727843,"ZCTA5 27843, North Carolina",1157,33,33,8710000US37,27843
8710000US3728119,"ZCTA5 28119, North Carolina",2801,86,86,8710000US37,28119
8710000US3727405,"ZCTA5 27405, North Carolina",44049,1822,1681,8710000US37,27405
8710000US3727551,"ZCTA5 27551, North Carolina",1945,45,50,8710000US37,27551
8710000US3727377,"ZCTA5 27377, North Carolina",7104,223,229,8710000US37,27377
8710000US3727401,"ZCTA5 27401, North Carolina",17200,499,459,8710000US37,27401
8710000US3727541,"ZCTA5 27541, North Carolina",3759,97,112,8710000US37,27541
8710000US3728753,"ZCTA5 28753, North Carolina",11510,315,276,8710000US37,28753
8710000US3727017,"ZCTA5 27017, North Carolina",9362,330,309,8710000US37,27017
8710000US3728573,"ZCTA5 28573, North Carolina",2116,62,57,8710000US37,28573
8710000US3728578,"ZCTA5 28578, North Carolina",6346,315,340,8710000US37,28578
8710000US3727104,"ZCTA5 27104, North Carolina",28066,761,807,8710000US37,27104
8710000US3727707,"ZCTA5 27707, North Carolina",42583,1663,1646,8710000US37,27707
8710000US3727278,"ZCTA5 27278, North Carolina",23808,752,762,8710000US37,27278
8710000US3727831,"ZCTA5 27831, North Carolina",3908,117,102,8710000US37,27831
8710000US3727536,"ZCTA5 27536, North Carolina",16852,655,672,8710000US37,27536
8710000US3728690,"ZCTA5 28690, North Carolina",9276,222,253,8710000US37,28690
8710000US3728601,"ZCTA5 28601, North Carolina",48817,1601,1503,8710000US37,28601
8710000US3727229,"ZCTA5 27229, North Carolina",3853,149,158,8710000US37,27229
8710000US3728110,"ZCTA5 28110, North Carolina",50280,2083,1963,8710000US37,28110
8710000US3728555,"ZCTA5 28555, North Carolina",5161,205,186,8710000US37,28555
8710000US3728901,"ZCTA5 28901, North Carolina",5241,148,143,8710000US37,28901
8710000US3727923,"ZCTA5 27923, North Carolina",598,17,2,8710000US37,27923
8710000US3728367,"ZCTA5 28367, North Carolina",87,1,1,8710000US37,28367
8710000US3727967,"ZCTA5 27967, North Carolina",366,4,15,8710000US37,27967
8710000US3728091,"ZCTA5 28091, North Carolina",2158,67,51,8710000US37,28091
8710000US3727701,"ZCTA5 27701, North Carolina",20059,839,817,8710000US37,27701
8710000US3727954,"ZCTA5 27954, North Carolina",6045,203,199,8710000US37,27954
8710000US3728579,"ZCTA5 28579, North Carolina",622,9,11,8710000US37,28579
8710000US3727011,"ZCTA5 27011, North Carolina",5496,144,140,8710000US37,27011
8710000US3727824,"ZCTA5 27824, North Carolina",1462,39,57,8710000US37,27824
8710000US3727235,"ZCTA5 27235, North Carolina",4060,106,116,8710000US37,27235
8710000US3728422,"ZCTA5 28422, North Carolina",6333,183,150,8710000US37,28422
8710000US3728019,"ZCTA5 28019, North Carolina",123,3,2,8710000US37,28019
8710000US3728088,"ZCTA5 28088, North Carolina",2862,89,75,8710000US37,28088
8710000US3728672,"ZCTA5 28672, North Carolina",35,1,0,8710000US37,28672
8710000US3727007,"ZCTA5 27007, North Carolina",2160,69,63,8710000US37,27007
8710000US3727916,"ZCTA5 27916, North Carolina",747,15,18,8710000US37,27916
8710000US3728277,"ZCTA5 28277, North Carolina",59664,2116,1990,8710000US37,28277
8710000US3727524,"ZCTA5 27524, North Carolina",12282,462,424,8710000US37,27524
8710000US3727823,"ZCTA5 27823, North Carolina",8138,271,224,8710000US37,27823
8710000US3727022,"ZCTA5 27022, North Carolina",1560,36,32,8710000US37,27022
8710000US3728144,"ZCTA5 28144, North Carolina",22386,829,827,8710000US37,28144
8710000US3728705,"ZCTA5 28705, North Carolina",6629,145,161,8710000US37,28705
8710000US3728787,"ZCTA5 28787, North Carolina",19597,547,533,8710000US37,28787
8710000US3727517,"ZCTA5 27517, North Carolina",23054,628,639,8710000US37,27517
8710000US3727545,"ZCTA5 27545, North Carolina",22899,901,855,8710000US37,27545
8710000US3728425,"ZCTA5 28425, North Carolina",9970,335,344,8710000US37,28425
8710000US3728518,"ZCTA5 28518, North Carolina",7909,285,238,8710000US37,28518
8710000US3727840,"ZCTA5 27840, North Carolina",514,9,7,8710000US37,27840
8710000US3728213,"ZCTA5 28213, North Carolina",37169,1584,1540,8710000US37,28213
8710000US3728438,"ZCTA5 28438, North Carolina",1845,64,52,8710000US37,28438
8710000US3727886,"ZCTA5 27886, North Carolina",20801,711,674,8710000US37,27886
8710000US3728623,"ZCTA5 28623, North Carolina",1653,59,40,8710000US37,28623
8710000US3727960,"ZCTA5 27960, North Carolina",944,38,23,8710000US37,27960
8710000US3728643,"ZCTA5 28643, North Carolina",3521,105,95,8710000US37,28643
8710000US3728684,"ZCTA5 28684, North Carolina",2141,53,48,8710000US37,28684
8710000US3727055,"ZCTA5 27055, North Carolina",13918,434,394,8710000US37,27055
8710000US3728590,"ZCTA5 28590, North Carolina",23370,1024,986,8710000US37,28590
8710000US3728638,"ZCTA5 28638, North Carolina",12297,343,317,8710000US37,28638
8710000US3727609,"ZCTA5 27609, North Carolina",32883,1153,1160,8710000US37,27609
8710000US3728689,"ZCTA5 28689, North Carolina",1712,48,39,8710000US37,28689
8710000US3727510,"ZCTA5 27510, North Carolina",14607,428,431,8710000US37,27510
8710000US3728478,"ZCTA5 28478, North Carolina",4582,131,124,8710000US37,28478
8710000US3728012,"ZCTA5 28012, North Carolina",19357,589,532,8710000US37,28012
8710000US3727563,"ZCTA5 27563, North Carolina",4984,190,183,8710000US37,27563
8710000US3728127,"ZCTA5 28127, North Carolina",6744,167,170,8710000US37,28127
8710000US3728523,"ZCTA5 28523, North Carolina",2456,64,55,8710000US37,28523
8710000US3727340,"ZCTA5 27340, North Carolina",120,3,2,8710000US37,27340
8710000US3727847,"ZCTA5 27847, North Carolina",936,27,25,8710000US37,27847
8710000US3728337,"ZCTA5 28337, North Carolina",10234,340,324,8710000US37,28337
8710000US3728529,"ZCTA5 28529, North Carolina",2112,67,64,8710000US37,28529
8710000US3728726,"ZCTA5 28726, North Carolina",3203,140,126,8710000US37,28726
8710000US3728338,"ZCTA5 28338, North Carolina",4601,178,177,8710000US37,28338
8710000US3727249,"ZCTA5 27249, North Carolina",12454,364,317,8710000US37,27249
8710000US3727825,"ZCTA5 27825, North Carolina",103,3,5,8710000US37,27825
8710000US3727939,"ZCTA5 27939, North Carolina",2352,91,76,8710000US37,27939
8710000US3727212,"ZCTA5 27212, North Carolina",1462,31,33,8710000US37,27212
8710000US3727041,"ZCTA5 27041, North Carolina",7542,207,186,8710000US37,27041
8710000US3728791,"ZCTA5 28791, North Carolina",13945,322,318,8710000US37,28791
8710000US3728301,"ZCTA5 28301, North Carolina",14988,573,568,8710000US37,28301
8710000US3728403,"ZCTA5 28403, North Carolina",32039,919,913,8710000US37,28403
8710000US3727023,"ZCTA5 27023, North Carolina",11873,324,292,8710000US37,27023
8710000US3728021,"ZCTA5 28021, North Carolina",13433,368,371,8710000US37,28021
8710000US3727948,"ZCTA5 27948, North Carolina",10859,313,311,8710000US37,27948
8710000US3727006,"ZCTA5 27006, North Carolina",13993,358,294,8710000US37,27006
8710000US3727311,"ZCTA5 27311, North Carolina",3397,94,86,8710000US37,27311
8710000US3727972,"ZCTA5 27972, North Carolina",244,9,6,8710000US37,27972
8710000US3728757,"ZCTA5 28757, North Carolina",280,4,1,8710000US37,28757
8710000US3727018,"ZCTA5 27018, North Carolina",7650,212,232,8710000US37,27018
8710000US3727874,"ZCTA5 27874, North Carolina",4748,137,125,8710000US37,27874
8710000US3728226,"ZCTA5 28226, North Carolina",37118,1098,1120,8710000US37,28226
8710000US3727827,"ZCTA5 27827, North Carolina",33,0,1,8710000US37,27827
8710000US3727880,"ZCTA5 27880, North Carolina",3273,147,100,8710000US37,27880
8710000US3728034,"ZCTA5 28034, North Carolina",16366,513,543,8710000US37,28034
8710000US3728040,"ZCTA5 28040, North Carolina",7963,259,227,8710000US37,28040
8710000US3728409,"ZCTA5 28409, North Carolina",31180,923,794,8710000US37,28409
8710000US3728713,"ZCTA5 28713, North Carolina",8589,239,233,8710000US37,28713
8710000US3728741,"ZCTA5 28741, North Carolina",3123,57,48,8710000US37,28741
8710000US3728775,"ZCTA5 28775, North Carolina",296,4,5,8710000US37,28775
8710000US3728306,"ZCTA5 28306, North Carolina",39465,1654,1539,8710000US37,28306
8710000US3728624,"ZCTA5 28624, North Carolina",1639,35,46,8710000US37,28624
8710000US3727410,"ZCTA5 27410, North Carolina",51123,1259,1304,8710000US37,27410
8710000US3727455,"ZCTA5 27455, North Carolina",28527,879,844,8710000US37,27455
8710000US3728075,"ZCTA5 28075, North Carolina",16113,561,511,8710000US37,28075
8710000US3727821,"ZCTA5 27821, North Carolina",358,12,7,8710000US37,27821
8710000US3727851,"ZCTA5 27851, North Carolina",5261,159,143,8710000US37,27851
8710000US3728443,"ZCTA5 28443, North Carolina",17405,512,469,8710000US37,28443
8710000US3728615,"ZCTA5 28615, North Carolina",1876,43,40,8710000US37,28615
8710000US3728679,"ZCTA5 28679, North Carolina",2064,50,58,8710000US37,28679
8710000US3728701,"ZCTA5 28701, North Carolina",3630,114,98,8710000US37,28701
8710000US3727231,"ZCTA5 27231, North Carolina",2142,48,41,8710000US37,27231
8710000US3728114,"ZCTA5 28114, North Carolina",7533,215,193,8710000US37,28114
8710000US3728464,"ZCTA5 28464, North Carolina",2457,99,108,8710000US37,28464
8710000US3728032,"ZCTA5 28032, North Carolina",3029,92,101,8710000US37,28032
8710000US3728386,"ZCTA5 28386, North Carolina",6308,280,308,8710000US37,28386
8710000US3727214,"ZCTA5 27214, North Carolina",10277,395,347,8710000US37,27214
8710000US3727842,"ZCTA5 27842, North Carolina",1493,19,18,8710000US37,27842
8710000US3727573,"ZCTA5 27573, North Carolina",11065,381,427,8710000US37,27573
8710000US3727862,"ZCTA5 27862, North Carolina",877,17,28,8710000US37,27862
8710000US3727028,"ZCTA5 27028, North Carolina",25631,841,763,8710000US37,27028
8710000US3727239,"ZCTA5 27239, North Carolina",9020,237,224,8710000US37,27239
8710000US3727601,"ZCTA5 27601, North Carolina",7396,346,333,8710000US37,27601
8710000US3727526,"ZCTA5 27526, North Carolina",38799,1544,1502,8710000US37,27526
8710000US3727936,"ZCTA5 27936, North Carolina",1091,31,33,8710000US37,27936
8710000US3728455,"ZCTA5 28455, North Carolina",2117,89,78,8710000US37,28455
8710000US3728076,"ZCTA5 28076, North Carolina",722,26,37,8710000US37,28076
8710000US3728761,"ZCTA5 28761, North Carolina",7524,210,196,8710000US37,28761
8710000US3728025,"ZCTA5 28025, North Carolina",48433,1831,1780,8710000US37,28025
8710000US3728594,"ZCTA5 28594, North Carolina",3655,62,54,8710000US37,28594
8710000US3728323,"ZCTA5 28323, North Carolina",3182,127,120,8710000US37,28323
8710000US3727030,"ZCTA5 27030, North Carolina",38031,1173,1124,8710000US37,27030
8710000US3727376,"ZCTA5 27376, North Carolina",9386,216,219,8710000US37,27376
8710000US3728358,"ZCTA5 28358, North Carolina",36980,1550,1413,8710000US37,28358
8710000US3728423,"ZCTA5 28423, North Carolina",2290,70,79,8710000US37,28423
8710000US3728460,"ZCTA5 28460, North Carolina",7481,281,273,8710000US37,28460
8710000US3728668,"ZCTA5 28668, North Carolina",300,6,1,8710000US37,28668
8710000US3727511,"ZCTA5 27511, North Carolina",31914,1106,1042,8710000US37,27511
8710000US3727107,"ZCTA5 27107, North Carolina",46793,2097,1927,8710000US37,27107
8710000US3728104,"ZCTA5 28104, North Carolina",28040,936,871,8710000US37,28104
8710000US3728463,"ZCTA5 28463, North Carolina",8263,270,265,8710000US37,28463
8710000US3728731,"ZCTA5 28731, North Carolina",7601,215,216,8710000US37,28731
8710000US3727027,"ZCTA5 27027, North Carolina",4383,137,100,8710000US37,27027
8710000US3728786,"ZCTA5 28786, North Carolina",20174,469,526,8710000US37,28786
8710000US3728344,"ZCTA5 28344, North Carolina",3363,152,135,8710000US37,28344
8710000US3728214,"ZCTA5 28214, North Carolina",34698,1442,1327,8710000US37,28214
8710000US3728341,"ZCTA5 28341, North Carolina",4209,179,160,8710000US37,28341
8710000US3728451,"ZCTA5 28451, North Carolina",27112,1110,1029,8710000US37,28451
8710000US3727837,"ZCTA5 27837, North Carolina",5903,255,242,8710000US37,27837
8710000US3727873,"ZCTA5 27873, North Carolina",397,8,9,8710000US37,27873
8710000US3728681,"ZCTA5 28681, North Carolina",24750,762,714,8710000US37,28681
8710000US3728733,"ZCTA5 28733, North Carolina",21,0,0,8710000US37,28733
8710000US3728570,"ZCTA5 28570, North Carolina",20984,619,599,8710000US37,28570
8710000US3727013,"ZCTA5 27013, North Carolina",6049,221,184,8710000US37,27013
8710000US3727922,"ZCTA5 27922, North Carolina",1024,25,34,8710000US37,27922
8710000US3728584,"ZCTA5 28584, North Carolina",11391,342,323,8710000US37,28584
8710000US3728445,"ZCTA5 28445, North Carolina",5673,188,185,8710000US37,28445
8710000US3728330,"ZCTA5 28330, North Carolina",346,16,14,8710000US37,28330
8710000US3728209,"ZCTA5 28209, North Carolina",20112,771,713,8710000US37,28209
8710000US3728395,"ZCTA5 28395, North Carolina",2375,64,56,8710000US37,28395
8710000US3727557,"ZCTA5 27557, North Carolina",7469,252,263,8710000US37,27557
8710000US3728732,"ZCTA5 28732, North Carolina",16314,497,512,8710000US37,28732
8710000US3727568,"ZCTA5 27568, North Carolina",480,21,19,8710000US37,27568
8710000US3727577,"ZCTA5 27577, North Carolina",21538,865,887,8710000US37,27577
8710000US3727957,"ZCTA5 27957, North Carolina",1356,27,28,8710000US37,27957
8710000US3728448,"ZCTA5 28448, North Carolina",1243,30,24,8710000US37,28448
8710000US3728544,"ZCTA5 28544, North Carolina",5364,369,355,8710000US37,28544
8710000US3727504,"ZCTA5 27504, North Carolina",14382,547,548,8710000US37,27504
8710000US3727929,"ZCTA5 27929, North Carolina",1166,18,18,8710000US37,27929
8710000US3728215,"ZCTA5 28215, North Carolina",53289,2118,2192,8710000US37,28215
8710000US3728320,"ZCTA5 28320, North Carolina",9201,279,301,8710000US37,28320
8710000US3728526,"ZCTA5 28526, North Carolina",2489,58,67,8710000US37,28526
8710000US3727514,"ZCTA5 27514, North Carolina",24699,634,531,8710000US37,27514
8710000US3727523,"ZCTA5 27523, North Carolina",9548,286,305,8710000US37,27523
8710000US3728654,"ZCTA5 28654, North Carolina",3494,94,111,8710000US37,28654
8710000US3727502,"ZCTA5 27502, North Carolina",30710,1300,1229,8710000US37,27502
8710000US3728586,"ZCTA5 28586, North Carolina",7439,282,265,8710000US37,28586
8710000US3727258,"ZCTA5 27258, North Carolina",6006,206,209,8710000US37,27258
8710000US3727265,"ZCTA5 27265, North Carolina",46131,1522,1449,8710000US37,27265
8710000US3728646,"ZCTA5 28646, North Carolina",342,8,10,8710000US37,28646
8710000US3727589,"ZCTA5 27589, North Carolina",8169,257,254,8710000US37,27589
8710000US3728169,"ZCTA5 28169, North Carolina",173,4,2,8710000US37,28169
8710000US3728607,"ZCTA5 28607, North Carolina",27825,565,508,8710000US37,28607
8710000US3728742,"ZCTA5 28742, North Carolina",2692,64,59,8710000US37,28742
8710000US3727879,"ZCTA5 27879, North Carolina",311,9,8,8710000US37,27879
8710000US3728073,"ZCTA5 28073, North Carolina",5621,188,196,8710000US37,28073
8710000US3727958,"ZCTA5 27958, North Carolina",10144,317,303,8710000US37,27958
8710000US3727021,"ZCTA5 27021, North Carolina",17894,518,517,8710000US37,27021
8710000US3728273,"ZCTA5 28273, North Carolina",31395,1258,1227,8710000US37,28273
8710000US3728556,"ZCTA5 28556, North Carolina",963,11,19,8710000US37,28556
8710000US3728771,"ZCTA5 28771, North Carolina",8465,285,211,8710000US37,28771
8710000US3728054,"ZCTA5 28054, North Carolina",35574,1280,1249,8710000US37,28054
8710000US3727201,"ZCTA5 27201, North Carolina",63,3,1,8710000US37,27201
8710000US3727356,"ZCTA5 27356, North Carolina",3175,116,100,8710000US37,27356
8710000US3727046,"ZCTA5 27046, North Carolina",2022,64,52,8710000US37,27046
8710000US3728303,"ZCTA5 28303, North Carolina",30595,1147,1101,8710000US37,28303
8710000US3727544,"ZCTA5 27544, North Carolina",4151,108,120,8710000US37,27544
8710000US3727539,"ZCTA5 27539, North Carolina",18687,774,731,8710000US37,27539
8710000US3728217,"ZCTA5 28217, North Carolina",24178,1097,1056,8710000US37,28217
8710000US3728436,"ZCTA5 28436, North Carolina",2203,66,70,8710000US37,28436
8710000US3728634,"ZCTA5 28634, North Carolina",5225,168,173,8710000US37,28634
8710000US3728308,"ZCTA5 28308, North Carolina",77,3,6,8710000US37,28308
8710000US3727932,"ZCTA5 27932, North Carolina",12289,380,394,8710000US37,27932
8710000US3728377,"ZCTA5 28377, North Carolina",12555,543,510,8710000US37,28377
8710000US3728462,"ZCTA5 28462, North Carolina",11668,290,285,8710000US37,28462
8710000US3727281,"ZCTA5 27281, North Carolina",3100,101,132,8710000US37,27281
8710000US3728743,"ZCTA5 28743, North Carolina",2108,46,37,8710000US37,28743
8710000US3728351,"ZCTA5 28351, North Carolina",4759,162,160,8710000US37,28351
8710000US3728711,"ZCTA5 28711, North Carolina",12171,296,321,8710000US37,28711
8710000US3728693,"ZCTA5 28693, North Carolina",1690,71,42,8710000US37,28693
8710000US3727209,"ZCTA5 27209, North Carolina",3824,178,161,8710000US37,27209
8710000US3727040,"ZCTA5 27040, North Carolina",10893,263,234,8710000US37,27040
8710000US3728527,"ZCTA5 28527, North Carolina",1140,31,24,8710000US37,28527
8710000US3728670,"ZCTA5 28670, North Carolina",2719,62,77,8710000US37,28670
8710000US3728719,"ZCTA5 28719, North Carolina",7901,328,334,8710000US37,28719
8710000US3727242,"ZCTA5 27242, North Carolina",2079,75,63,8710000US37,27242
8710000US3727852,"ZCTA5 27852, North Carolina",2977,72,90,8710000US37,27852
8710000US3728129,"ZCTA5 28129, North Carolina",5399,158,159,8710000US37,28129
8710000US3728160,"ZCTA5 28160, North Carolina",3649,103,119,8710000US37,28160
8710000US3727941,"ZCTA5 27941, North Carolina",536,14,12,8710000US37,27941
8710000US3727527,"ZCTA5 27527, North Carolina",18216,698,709,8710000US37,27527
8710000US3728685,"ZCTA5 28685, North Carolina",2076,40,52,8710000US37,28685
8710000US3727953,"ZCTA5 27953, North Carolina",1021,23,35,8710000US37,27953
8710000US3727871,"ZCTA5 27871, North Carolina",4619,140,123,8710000US37,27871
8710000US3728392,"ZCTA5 28392, North Carolina",1574,54,38,8710000US37,28392
8710000US3728673,"ZCTA5 28673, North Carolina",5919,128,139,8710000US37,28673
8710000US3728571,"ZCTA5 28571, North Carolina",2585,26,24,8710000US37,28571
8710000US3727203,"ZCTA5 27203, North Carolina",20652,938,906,8710000US37,27203
8710000US3727508,"ZCTA5 27508, North Carolina",1580,41,56,8710000US37,27508
8710000US3728342,"ZCTA5 28342, North Carolina",215,9,12,8710000US37,28342
8710000US3728469,"ZCTA5 28469, North Carolina",5839,145,104,8710000US37,28469
8710000US3727288,"ZCTA5 27288, North Carolina",23768,692,689,8710000US37,27288
8710000US3727407,"ZCTA5 27407, North Carolina",45837,1822,1638,8710000US37,27407
8710000US3727813,"ZCTA5 27813, North Carolina",747,22,34,8710000US37,27813
8710000US3728112,"ZCTA5 28112, North Carolina",25754,963,923,8710000US37,28112
8710000US3728442,"ZCTA5 28442, North Carolina",1639,47,34,8710000US37,28442
8710000US3728790,"ZCTA5 28790, North Carolina",3185,101,86,8710000US37,28790
8710000US3727610,"ZCTA5 27610, North Carolina",62319,2927,2853,8710000US37,27610
8710000US3728479,"ZCTA5 28479, North Carolina",4708,178,172,8710000US37,28479
8710000US3728612,"ZCTA5 28612, North Carolina",12384,353,344,8710000US37,28612
8710000US3727864,"ZCTA5 27864, North Carolina",4779,172,136,8710000US37,27864
8710000US3728401,"ZCTA5 28401, North Carolina",20940,718,689,8710000US37,28401
8710000US3727326,"ZCTA5 27326, North Carolina",4002,100,125,8710000US37,27326
8710000US3727522,"ZCTA5 27522, North Carolina",12305,462,395,8710000US37,27522
8710000US3727830,"ZCTA5 27830, North Carolina",4725,126,111,8710000US37,27830
8710000US3727925,"ZCTA5 27925, North Carolina",3585,103,117,8710000US37,27925
8710000US3728373,"ZCTA5 28373, North Carolina",2150,64,71,8710000US37,28373
8710000US3728629,"ZCTA5 28629, North Carolina",75,1,1,8710000US37,28629
8710000US3728124,"ZCTA5 28124, North Carolina",6346,172,145,8710000US37,28124
8710000US3728734,"ZCTA5 28734, North Carolina",26682,731,702,8710000US37,28734
8710000US3727525,"ZCTA5 27525, North Carolina",13324,488,438,8710000US37,27525
8710000US3728139,"ZCTA5 28139, North Carolina",19537,530,537,8710000US37,28139
8710000US3728327,"ZCTA5 28327, North Carolina",15302,500,446,8710000US37,28327
8710000US3728604,"ZCTA5 28604, North Carolina",5765,128,134,8710000US37,28604
8710000US3728105,"ZCTA5 28105, North Carolina",39226,1191,1126,8710000US37,28105
8710000US3728262,"ZCTA5 28262, North Carolina",34381,1234,1120,8710000US37,28262
8710000US3728902,"ZCTA5 28902, North Carolina",1373,38,29,8710000US37,28902
8710000US3727938,"ZCTA5 27938, North Carolina",1444,47,42,8710000US37,27938
8710000US3728580,"ZCTA5 28580, North Carolina",10356,380,374,8710000US37,28580
8710000US3728759,"ZCTA5 28759, North Carolina",6922,159,171,8710000US37,28759
8710000US3727947,"ZCTA5 27947, North Carolina",1230,31,33,8710000US37,27947
8710000US3728208,"ZCTA5 28208, North Carolina",33760,1516,1470,8710000US37,28208
8710000US3728450,"ZCTA5 28450, North Carolina",2202,69,69,8710000US37,28450
8710000US3728718,"ZCTA5 28718, North Carolina",553,10,7,8710000US37,28718
8710000US3728774,"ZCTA5 28774, North Carolina",1013,16,24,8710000US37,28774
8710000US3727865,"ZCTA5 27865, North Carolina",1874,62,51,8710000US37,27865
8710000US3728671,"ZCTA5 28671, North Carolina",501,9,20,8710000US37,28671
8710000US3727292,"ZCTA5 27292, North Carolina",38741,1307,1214,8710000US37,27292
8710000US3727981,"ZCTA5 27981, North Carolina",1643,48,56,8710000US37,27981
8710000US3728740,"ZCTA5 28740, North Carolina",1364,30,17,8710000US37,28740
8710000US3728385,"ZCTA5 28385, North Carolina",3020,104,95,8710000US37,28385
8710000US3727341,"ZCTA5 27341, North Carolina",5360,151,149,8710000US37,27341
8710000US3728543,"ZCTA5 28543, North Carolina",4699,676,683,8710000US37,28543
8710000US3727217,"ZCTA5 27217, North Carolina",36207,1387,1311,8710000US37,27217
8710000US3727519,"ZCTA5 27519, North Carolina",39178,1635,1494,8710000US37,27519
8710000US3728530,"ZCTA5 28530, North Carolina",7321,236,252,8710000US37,28530
8710000US3727312,"ZCTA5 27312, North Carolina",17884,475,470,8710000US37,27312
8710000US3727888,"ZCTA5 27888, North Carolina",2549,102,110,8710000US37,27888
8710000US3727542,"ZCTA5 27542, North Carolina",9133,318,302,8710000US37,27542
8710000US3728170,"ZCTA5 28170, North Carolina",12061,418,404,8710000US37,28170
8710000US3728520,"ZCTA5 28520, North Carolina",327,15,4,8710000US37,28520
8710000US3728547,"ZCTA5 28547, North Carolina",5197,446,393,8710000US37,28547
8710000US3727812,"ZCTA5 27812, North Carolina",2589,74,77,8710000US37,27812
8710000US3727587,"ZCTA5 27587, North Carolina",52771,2055,2033,8710000US37,27587
8710000US3727878,"ZCTA5 27878, North Carolina",1931,70,67,8710000US37,27878
8710000US3727826,"ZCTA5 27826, North Carolina",622,23,19,8710000US37,27826
8710000US3727964,"ZCTA5 27964, North Carolina",545,14,24,8710000US37,27964
8710000US3728364,"ZCTA5 28364, North Carolina",14771,601,605,8710000US37,28364
8710000US3728667,"ZCTA5 28667, North Carolina",559,18,20,8710000US37,28667
8710000US3728806,"ZCTA5 28806, North Carolina",38101,1368,1336,8710000US37,28806
8710000US3728098,"ZCTA5 28098, North Carolina",3579,130,132,8710000US37,28098
8710000US3728461,"ZCTA5 28461, North Carolina",15931,367,321,8710000US37,28461
8710000US3728636,"ZCTA5 28636, North Carolina",5521,180,176,8710000US37,28636
8710000US3727974,"ZCTA5 27974, North Carolina",1268,30,37,8710000US37,27974
8710000US3727306,"ZCTA5 27306, North Carolina",6161,140,127,8710000US37,27306
8710000US3727965,"ZCTA5 27965, North Carolina",527,11,10,8710000US37,27965
8710000US3727298,"ZCTA5 27298, North Carolina",10311,315,244,8710000US37,27298
8710000US3727870,"ZCTA5 27870, North Carolina",27071,904,904,8710000US37,27870
8710000US3727875,"ZCTA5 27875, North Carolina",517,14,15,8710000US37,27875
8710000US3727571,"ZCTA5 27571, North Carolina",3893,175,164,8710000US37,27571
8710000US3728472,"ZCTA5 28472, North Carolina",18534,601,589,8710000US37,28472
8710000US3727531,"ZCTA5 27531, North Carolina",0,0,0,8710000US37,27531
8710000US3728134,"ZCTA5 28134, North Carolina",9355,362,329,8710000US37,28134
8710000US3728466,"ZCTA5 28466, North Carolina",10029,332,292,8710000US37,28466
8710000US3728747,"ZCTA5 28747, North Carolina",2198,49,54,8710000US37,28747
8710000US3727605,"ZCTA5 27605, North Carolina",4323,65,42,8710000US37,27605
8710000US3728669,"ZCTA5 28669, North Carolina",3142,103,82,8710000US37,28669
8710000US3728736,"ZCTA5 28736, North Carolina",787,18,17,8710000US37,28736
8710000US3727606,"ZCTA5 27606, North Carolina",40104,1157,1092,8710000US37,27606
8710000US3728307,"ZCTA5 28307, North Carolina",15974,1731,1763,8710000US37,28307
8710000US3728282,"ZCTA5 28282, North Carolina",0,0,0,8710000US37,28282
8710000US3728350,"ZCTA5 28350, North Carolina",287,7,11,8710000US37,28350
8710000US3728393,"ZCTA5 28393, North Carolina",2005,56,65,8710000US37,28393
8710000US3727024,"ZCTA5 27024, North Carolina",2669,72,67,8710000US37,27024
8710000US3727050,"ZCTA5 27050, North Carolina",3893,100,95,8710000US37,27050
8710000US3727355,"ZCTA5 27355, North Carolina",2660,72,86,8710000US37,27355
8710000US3727301,"ZCTA5 27301, North Carolina",8746,292,303,8710000US37,27301
8710000US3727604,"ZCTA5 27604, North Carolina",41570,1663,1657,8710000US37,27604
8710000US3728120,"ZCTA5 28120, North Carolina",19609,664,603,8710000US37,28120
8710000US3728574,"ZCTA5 28574, North Carolina",15096,809,752,8710000US37,28574
8710000US3727890,"ZCTA5 27890, North Carolina",2459,76,95,8710000US37,27890
8710000US3728480,"ZCTA5 28480, North Carolina",2444,33,30,8710000US37,28480
8710000US3727803,"ZCTA5 27803, North Carolina",21109,686,678,8710000US37,27803
8710000US3728072,"ZCTA5 28072, North Carolina",1357,37,49,8710000US37,28072
8710000US3728781,"ZCTA5 28781, North Carolina",939,24,17,8710000US37,28781
8710000US3728006,"ZCTA5 28006, North Carolina",1130,32,30,8710000US37,28006
8710000US3728203,"ZCTA5 28203, North Carolina",11216,396,404,8710000US37,28203
8710000US3727872,"ZCTA5 27872, North Carolina",375,9,12,8710000US37,27872
8710000US3728204,"ZCTA5 28204, North Carolina",4407,144,147,8710000US37,28204
8710000US3728435,"ZCTA5 28435, North Carolina",2490,69,61,8710000US37,28435
8710000US3728452,"ZCTA5 28452, North Carolina",694,28,21,8710000US37,28452
8710000US3728349,"ZCTA5 28349, North Carolina",3323,104,103,8710000US37,28349
8710000US3728412,"ZCTA5 28412, North Carolina",35343,1103,1082,8710000US37,28412
8710000US3727244,"ZCTA5 27244, North Carolina",11245,205,214,8710000US37,27244
8710000US3727612,"ZCTA5 27612, North Carolina",34783,1046,1046,8710000US37,27612
8710000US3728470,"ZCTA5 28470, North Carolina",10515,288,294,8710000US37,28470
8710000US3727284,"ZCTA5 27284, North Carolina",51041,1599,1515,8710000US37,27284
8710000US3728572,"ZCTA5 28572, North Carolina",6531,217,217,8710000US37,28572
8710000US3727881,"ZCTA5 27881, North Carolina",61,0,1,8710000US37,27881
8710000US3728206,"ZCTA5 28206, North Carolina",10233,444,450,8710000US37,28206
8710000US3728501,"ZCTA5 28501, North Carolina",19874,697,756,8710000US37,28501
8710000US3728532,"ZCTA5 28532, North Carolina",23223,1370,1333,8710000US37,28532
8710000US3728714,"ZCTA5 28714, North Carolina",16588,429,390,8710000US37,28714
8710000US3728619,"ZCTA5 28619, North Carolina",1408,42,38,8710000US37,28619
8710000US3727966,"ZCTA5 27966, North Carolina",1052,55,37,8710000US37,27966
8710000US3728504,"ZCTA5 28504, North Carolina",21092,602,640,8710000US37,28504
8710000US3727248,"ZCTA5 27248, North Carolina",4524,127,128,8710000US37,27248
8710000US3728269,"ZCTA5 28269, North Carolina",70421,2933,2681,8710000US37,28269
8710000US3728723,"ZCTA5 28723, North Carolina",7982,170,161,8710000US37,28723
8710000US3727806,"ZCTA5 27806, North Carolina",2331,62,66,8710000US37,27806
8710000US3728803,"ZCTA5 28803, North Carolina",28301,776,753,8710000US37,28803
8710000US3727503,"ZCTA5 27503, North Carolina",3469,98,88,8710000US37,27503
8710000US3727858,"ZCTA5 27858, North Carolina",50684,1374,1294,8710000US37,27858
8710000US3727921,"ZCTA5 27921, North Carolina",4805,166,114,8710000US37,27921
8710000US3728147,"ZCTA5 28147, North Carolina",23381,902,853,8710000US37,28147
8710000US3728202,"ZCTA5 28202, North Carolina",8439,172,151,8710000US37,28202
8710000US3727704,"ZCTA5 27704, North Carolina",34075,1483,1383,8710000US37,27704
8710000US3728398,"ZCTA5 28398, North Carolina",8019,298,338,8710000US37,28398
8710000US3728103,"ZCTA5 28103, North Carolina",10191,320,293,8710000US37,28103
8710000US3728540,"ZCTA5 28540, North Carolina",48807,2527,2451,8710000US37,28540
8710000US3728439,"ZCTA5 28439, North Carolina",1589,58,35,8710000US37,28439
8710000US3727016,"ZCTA5 27016, North Carolina",1808,50,46,8710000US37,27016
8710000US3727310,"ZCTA5 27310, North Carolina",6710,192,161,8710000US37,27310
8710000US3727546,"ZCTA5 27546, North Carolina",16601,567,591,8710000US37,27546
8710000US3728125,"ZCTA5 28125, North Carolina",2525,79,62,8710000US37,28125
8710000US3728173,"ZCTA5 28173, North Carolina",44902,1649,1571,8710000US37,28173
8710000US3728751,"ZCTA5 28751, North Carolina",2913,47,51,8710000US37,28751
8710000US3727892,"ZCTA5 27892, North Carolina",15032,454,463,8710000US37,27892
8710000US3728746,"ZCTA5 28746, North Carolina",2386,44,37,8710000US37,28746
8710000US3728778,"ZCTA5 28778, North Carolina",9441,312,260,8710000US37,28778
8710000US3727358,"ZCTA5 27358, North Carolina",14059,360,317,8710000US37,27358
8710000US3728399,"ZCTA5 28399, North Carolina",2140,80,65,8710000US37,28399
8710000US3728372,"ZCTA5 28372, North Carolina",13063,459,475,8710000US37,28372
8710000US3727330,"ZCTA5 27330, North Carolina",37049,1368,1407,8710000US37,27330
8710000US3727110,"ZCTA5 27110, North Carolina",0,0,0,8710000US37,27110
8710000US3727559,"ZCTA5 27559, North Carolina",2282,60,72,8710000US37,27559
8710000US3728376,"ZCTA5 28376, North Carolina",37338,1986,1915,8710000US37,28376
8710000US3728525,"ZCTA5 28525, North Carolina",3122,95,112,8710000US37,28525
8710000US3727540,"ZCTA5 27540, North Carolina",29349,1446,1411,8710000US37,27540
8710000US3727703,"ZCTA5 27703, North Carolina",41712,1854,1813,8710000US37,27703
8710000US3727325,"ZCTA5 27325, North Carolina",6693,240,247,8710000US37,27325
8710000US3727583,"ZCTA5 27583, North Carolina",6919,236,215,8710000US37,27583
8710000US3728133,"ZCTA5 28133, North Carolina",2878,94,82,8710000US37,28133
8710000US3728789,"ZCTA5 28789, North Carolina",5097,137,171,8710000US37,28789
8710000US3727408,"ZCTA5 27408, North Carolina",17291,482,452,8710000US37,27408
8710000US3727841,"ZCTA5 27841, North Carolina",84,1,3,8710000US37,27841
8710000US3728905,"ZCTA5 28905, North Carolina",3129,98,100,8710000US37,28905
8710000US3727985,"ZCTA5 27985, North Carolina",283,7,6,8710000US37,27985
8710000US3728635,"ZCTA5 28635, North Carolina",3901,105,120,8710000US37,28635
8710000US3727409,"ZCTA5 27409, North Carolina",15584,542,491,8710000US37,27409
8710000US3727562,"ZCTA5 27562, North Carolina",1938,64,51,8710000US37,27562
8710000US3727828,"ZCTA5 27828, North Carolina",9009,361,310,8710000US37,27828
8710000US3727978,"ZCTA5 27978, North Carolina",225,5,6,8710000US37,27978
8710000US3728702,"ZCTA5 28702, North Carolina",366,7,8,8710000US37,28702
8710000US3727804,"ZCTA5 27804, North Carolina",28214,913,887,8710000US37,27804
8710000US3727861,"ZCTA5 27861, North Carolina",71,1,0,8710000US37,27861
8710000US3728551,"ZCTA5 28551, North Carolina",13937,489,440,8710000US37,28551
8710000US3728777,"ZCTA5 28777, North Carolina",8778,240,226,8710000US37,28777
8710000US3727054,"ZCTA5 27054, North Carolina",2567,88,95,8710000US37,27054
8710000US3728647,"ZCTA5 28647, North Carolina",89,5,0,8710000US37,28647
8710000US3727603,"ZCTA5 27603, North Carolina",45815,1659,1581,8710000US37,27603
8710000US3727127,"ZCTA5 27127, North Carolina",33651,1315,1240,8710000US37,27127
8710000US3728227,"ZCTA5 28227, North Carolina",49596,1724,1627,8710000US37,28227
8710000US3727909,"ZCTA5 27909, North Carolina",37636,1392,1296,8710000US37,27909
8710000US3727820,"ZCTA5 27820, North Carolina",3088,112,88,8710000US37,27820
8710000US3728428,"ZCTA5 28428, North Carolina",6033,128,130,8710000US37,28428
8710000US3727043,"ZCTA5 27043, North Carolina",6598,170,156,8710000US37,27043
8710000US3728108,"ZCTA5 28108, North Carolina",54,1,0,8710000US37,28108
8710000US3727507,"ZCTA5 27507, North Carolina",1926,35,53,8710000US37,27507
8710000US3728513,"ZCTA5 28513, North Carolina",10255,368,346,8710000US37,28513
8710000US3728430,"ZCTA5 28430, North Carolina",1897,50,59,8710000US37,28430
8710000US3728708,"ZCTA5 28708, North Carolina",754,13,16,8710000US37,28708
8710000US3728909,"ZCTA5 28909, North Carolina",1030,33,28,8710000US37,28909
8710000US3727576,"ZCTA5 27576, North Carolina",17082,708,675,8710000US37,27576
8710000US3728138,"ZCTA5 28138, North Carolina",10418,357,294,8710000US37,28138
8710000US3728097,"ZCTA5 28097, North Carolina",5369,152,166,8710000US37,28097
8710000US3728554,"ZCTA5 28554, North Carolina",243,5,7,8710000US37,28554
8710000US3727943,"ZCTA5 27943, North Carolina",500,11,10,8710000US37,27943
8710000US3728697,"ZCTA5 28697, North Carolina",12528,381,345,8710000US37,28697
8710000US3728102,"ZCTA5 28102, North Carolina",78,2,4,8710000US37,28102
8710000US3728375,"ZCTA5 28375, North Carolina",102,3,2,8710000US37,28375
8710000US3727042,"ZCTA5 27042, North Carolina",834,24,22,8710000US37,27042
8710000US3728557,"ZCTA5 28557, North Carolina",14241,414,338,8710000US37,28557
8710000US3728655,"ZCTA5 28655, North Carolina",52025,1675,1421,8710000US37,28655
8710000US3727537,"ZCTA5 27537, North Carolina",24206,804,769,8710000US37,27537
8710000US3727884,"ZCTA5 27884, North Carolina",1282,39,29,8710000US37,27884
8710000US3728735,"ZCTA5 28735, North Carolina",256,2,3,8710000US37,28735
8710000US3728083,"ZCTA5 28083, North Carolina",23612,870,923,8710000US37,28083
8710000US3728312,"ZCTA5 28312, North Carolina",18448,613,581,8710000US37,28312
8710000US3727910,"ZCTA5 27910, North Carolina",11804,444,356,8710000US37,27910
8710000US3728729,"ZCTA5 28729, North Carolina",2894,64,62,8710000US37,28729
8710000US3728432,"ZCTA5 28432, North Carolina",1968,60,67,8710000US37,28432
8710000US3728039,"ZCTA5 28039, North Carolina",116,2,5,8710000US37,28039
8710000US3728326,"ZCTA5 28326, North Carolina",17593,922,954,8710000US37,28326
8710000US3728434,"ZCTA5 28434, North Carolina",1329,21,27,8710000US37,28434
8710000US3728773,"ZCTA5 28773, North Carolina",3288,69,72,8710000US37,28773
8710000US3727982,"ZCTA5 27982, North Carolina",82,0,3,8710000US37,27982
8710000US3728420,"ZCTA5 28420, North Carolina",3886,127,138,8710000US37,28420
8710000US3727845,"ZCTA5 27845, North Carolina",1805,38,34,8710000US37,27845
8710000US3728174,"ZCTA5 28174, North Carolina",7626,334,308,8710000US37,28174
8710000US3728086,"ZCTA5 28086, North Carolina",25588,711,709,8710000US37,28086
8710000US3728325,"ZCTA5 28325, North Carolina",506,17,9,8710000US37,28325
8710000US3728433,"ZCTA5 28433, North Carolina",5018,149,153,8710000US37,28433
8710000US3728611,"ZCTA5 28611, North Carolina",885,15,22,8710000US37,28611
8710000US3728640,"ZCTA5 28640, North Carolina",4453,107,133,8710000US37,28640
8710000US3727829,"ZCTA5 27829, North Carolina",1930,54,47,8710000US37,27829
8710000US3727928,"ZCTA5 27928, North Carolina",1972,68,60,8710000US37,27928
8710000US3727935,"ZCTA5 27935, North Carolina",1698,64,57,8710000US37,27935
8710000US3727282,"ZCTA5 27282, North Carolina",15819,481,502,8710000US37,27282
8710000US3727713,"ZCTA5 27713, North Carolina",46461,2030,1794,8710000US37,27713
8710000US3728318,"ZCTA5 28318, North Carolina",4611,143,119,8710000US37,28318
8710000US3728352,"ZCTA5 28352, North Carolina",23911,948,897,8710000US37,28352
8710000US3727853,"ZCTA5 27853, North Carolina",673,22,12,8710000US37,27853
8710000US3728117,"ZCTA5 28117, North Carolina",35453,1006,898,8710000US37,28117
8710000US3728782,"ZCTA5 28782, North Carolina",6494,124,118,8710000US37,28782
8710000US3727406,"ZCTA5 27406, North Carolina",55115,1968,1965,8710000US37,27406
8710000US3727817,"ZCTA5 27817, North Carolina",7347,233,183,8710000US37,27817
8710000US3727968,"ZCTA5 27968, North Carolina",298,6,3,8710000US37,27968
8710000US3728043,"ZCTA5 28043, North Carolina",20785,661,666,8710000US37,28043
8710000US3727857,"ZCTA5 27857, North Carolina",1298,23,23,8710000US37,27857
8710000US3727529,"ZCTA5 27529, North Carolina",41832,1540,1492,8710000US37,27529
8710000US3728756,"ZCTA5 28756, North Carolina",4448,117,122,8710000US37,28756
8710000US3727973,"ZCTA5 27973, North Carolina",1323,27,31,8710000US37,27973
8710000US3728562,"ZCTA5 28562, North Carolina",35831,1193,1076,8710000US37,28562
8710000US3727805,"ZCTA5 27805, North Carolina",3901,124,142,8710000US37,27805
8710000US3727807,"ZCTA5 27807, North Carolina",6629,247,246,8710000US37,27807
8710000US3728304,"ZCTA5 28304, North Carolina",36963,1381,1333,8710000US37,28304
8710000US3728431,"ZCTA5 28431, North Carolina",7092,218,257,8710000US37,28431
8710000US3728626,"ZCTA5 28626, North Carolina",2676,60,87,8710000US37,28626
8710000US3727946,"ZCTA5 27946, North Carolina",1207,24,31,8710000US37,27946
8710000US3728007,"ZCTA5 28007, North Carolina",611,19,23,8710000US37,28007
8710000US3728749,"ZCTA5 28749, North Carolina",50,0,0,8710000US37,28749
8710000US3727834,"ZCTA5 27834, North Carolina",51688,2069,1900,8710000US37,27834
8710000US3728090,"ZCTA5 28090, North Carolina",8310,280,219,8710000US37,28090
8710000US3728783,"ZCTA5 28783, North Carolina",1593,60,40,8710000US37,28783
8710000US3728904,"ZCTA5 28904, North Carolina",8442,197,192,8710000US37,28904
8710000US3728652,"ZCTA5 28652, North Carolina",46,1,0,8710000US37,28652
8710000US3728216,"ZCTA5 28216, North Carolina",46210,1770,1703,8710000US37,28216
8710000US3728164,"ZCTA5 28164, North Carolina",14080,425,425,8710000US37,28164
8710000US3728278,"ZCTA5 28278, North Carolina",19283,831,849,8710000US37,28278
8710000US3727379,"ZCTA5 27379, North Carolina",4459,125,140,8710000US37,27379
8710000US3727560,"ZCTA5 27560, North Carolina",22623,1039,980,8710000US37,27560
8710000US3727897,"ZCTA5 27897, North Carolina",2234,80,92,8710000US37,27897
8710000US3727891,"ZCTA5 27891, North Carolina",5222,142,135,8710000US37,27891
8710000US3727581,"ZCTA5 27581, North Carolina",3049,95,95,8710000US37,27581
8710000US3728637,"ZCTA5 28637, North Carolina",1746,41,50,8710000US37,28637
8710000US3727316,"ZCTA5 27316, North Carolina",6552,227,188,8710000US37,27316
8710000US3727317,"ZCTA5 27317, North Carolina",16953,601,557,8710000US37,27317
8710000US3727556,"ZCTA5 27556, North Carolina",346,14,7,8710000US37,27556
8710000US3727876,"ZCTA5 27876, North Carolina",1302,42,38,8710000US37,27876
8710000US3727937,"ZCTA5 27937, North Carolina",4333,125,114,8710000US37,27937
8710000US3728424,"ZCTA5 28424, North Carolina",128,5,10,8710000US37,28424
8710000US3728453,"ZCTA5 28453, North Carolina",3823,189,164,8710000US37,28453
8710000US3727810,"ZCTA5 27810, North Carolina",4377,116,92,8710000US37,27810
8710000US3728027,"ZCTA5 28027, North Carolina",55155,2115,2040,8710000US37,28027
8710000US3728107,"ZCTA5 28107, North Carolina",6422,212,161,8710000US37,28107
8710000US3728717,"ZCTA5 28717, North Carolina",1729,35,39,8710000US37,28717
8710000US3727047,"ZCTA5 27047, North Carolina",1191,32,35,8710000US37,27047
8710000US3728630,"ZCTA5 28630, North Carolina",19929,618,568,8710000US37,28630
8710000US3727591,"ZCTA5 27591, North Carolina",19472,755,732,8710000US37,27591
8710000US3728772,"ZCTA5 28772, North Carolina",1239,27,27,8710000US37,28772
8710000US3728730,"ZCTA5 28730, North Carolina",9025,227,217,8710000US37,28730
8710000US3728305,"ZCTA5 28305, North Carolina",6052,148,170,8710000US37,28305
8710000US3728369,"ZCTA5 28369, North Carolina",2648,108,78,8710000US37,28369
8710000US3727260,"ZCTA5 27260, North Carolina",23183,1035,1055,8710000US37,27260
8710000US3727521,"ZCTA5 27521, North Carolina",6027,215,236,8710000US37,27521
8710000US3728033,"ZCTA5 28033, North Carolina",2749,87,74,8710000US37,28033
8710000US3728766,"ZCTA5 28766, North Carolina",1258,38,41,8710000US37,28766
8710000US3728244,"ZCTA5 28244, North Carolina",0,0,0,8710000US37,28244
8710000US3728628,"ZCTA5 28628, North Carolina",479,17,11,8710000US37,28628
8710000US3728577,"ZCTA5 28577, North Carolina",372,12,3,8710000US37,28577
8710000US3727616,"ZCTA5 27616, North Carolina",42116,2019,1950,8710000US37,27616
8710000US3728396,"ZCTA5 28396, North Carolina",2732,63,78,8710000US37,28396
8710000US3728537,"ZCTA5 28537, North Carolina",133,1,6,8710000US37,28537
